Movie,Genre,Runtime,Imdb_Rating,Metascore_Rating,Release_date,Popularity,Votes,Director,Stars,Description
The Greatest Showman,"Biography, Drama, Musical",105 min,7.6,48,2017-12-20,28.796,186173,Michael Gracey,"Hugh Jackman,Michelle Williams,Zac Efron,Zendaya",Celebrates the birth of show business and tells of a visionary who rose from nothing to create a spectacle that became a worldwide sensation.
Get Out,"Horror, Mystery, Thriller",104 min,7.7,84,2017-02-24,25.046,363414,Jordan Peele,"Daniel Kaluuya,Allison Williams,Bradley Whitford,Catherine Keener","A young African-American visits his white girlfriend's parents for the weekend, where his simmering uneasiness about their reception of him eventually reaches a boiling point."
Spider-Man: Homecoming,"Action, Adventure, Sci-Fi",133 min,7.5,73,2017-07-05,35.315,387924,Jon Watts,"Tom Holland,Michael Keaton,Robert Downey Jr.,Marisa Tomei","Peter Parker balances his life as an ordinary high school student in Queens with his superhero alter-ego Spider-Man, and finds himself on the trail of a new menace prowling the skies of New York City."
Thor: Ragnarok,"Action, Adventure, Comedy",130 min,7.9,74,2017-10-25,46.242,427652,Taika Waititi,"Chris Hemsworth,Tom Hiddleston,Cate Blanchett,Mark Ruffalo","Thor is imprisoned on the planet Sakaar, and must race against time to return to Asgard and stop Ragnarök, the destruction of his world, at the hands of the powerful and ruthless villain Hela."
"Three Billboards Outside Ebbing, Missouri","Comedy, Crime, Drama",115 min,8.2,88,2017-11-10,21.367,317218,Martin McDonagh,"Frances McDormand,Woody Harrelson,Sam Rockwell,Caleb Landry Jones",A mother personally challenges the local authorities to solve her daughter's murder when they fail to catch the culprit.
Call Me by Your Name,"Drama, Romance",132 min,7.9,93,2017-09-01,21.614,141869,Luca Guadagnino,"Armie Hammer,Timothée Chalamet,Michael Stuhlbarg,Amira Casar","In 1980s Italy, a romance blossoms between a seventeen year-old student and the older man hired as his father's research assistant."
The Shape of Water,"Adventure, Drama, Fantasy",123 min,7.4,87,2017-12-01,21.469,284915,Guillermo del Toro,"Sally Hawkins,Octavia Spencer,Michael Shannon,Doug Jones","At a top secret research facility in the 1960s, a lonely janitor forms a unique relationship with an amphibious creature that is being held in captivity."
Justice League,"Action, Adventure, Fantasy",120 min,6.5,45,2017-11-15,40.615,310537,Zack Snyder,"Ben Affleck,Gal Gadot,Jason Momoa,Ezra Miller","Fueled by his restored faith in humanity and inspired by Superman's selfless act, Bruce Wayne enlists the help of his newfound ally, Diana Prince, to face an even greater enemy."
It,"Horror, Thriller",135 min,7.4,69,2017-09-06,13.564,334516,Andy Muschietti,"Bill Skarsgård,Jaeden Lieberher,Finn Wolfhard,Sophia Lillis","In the summer of 1989, a group of bullied kids band together to destroy a shape-shifting monster, which disguises itself as a clown and preys on the children of Derry, their small Maine town."
John Wick: Chapter 2,"Action, Crime, Thriller",122 min,7.5,75,2017-02-08,30.89,258909,Chad Stahelski,"Keanu Reeves,Riccardo Scamarcio,Ian McShane,Ruby Rose","After returning to the criminal underworld to repay a debt, John Wick discovers that a large bounty has been put on his life."
Molly's Game,"Biography, Crime, Drama",140 min,7.5,71,2017-12-21,18.184,96158,Aaron Sorkin,"Jessica Chastain,Idris Elba,Kevin Costner,Michael Cera","The true story of Molly Bloom, an Olympic-class skier who ran the world's most exclusive high-stakes poker game and became an FBI target."
Blade Runner 2049,"Drama, Mystery, Sci-Fi",164 min,8.0,81,2017-10-04,30.839,359203,Denis Villeneuve,"Harrison Ford,Ryan Gosling,Ana de Armas,Dave Bautista","A young blade runner's discovery of a long-buried secret leads him to track down former blade runner Rick Deckard, who's been missing for thirty years."
Wonder,"Drama, Family",113 min,8.0,66,2017-11-13,15.579,103840,Stephen Chbosky,"Jacob Tremblay,Owen Wilson,Izabela Vidovic,Julia Roberts","Based on the New York Times bestseller, this movie tells the incredibly inspiring and heartwarming story of August Pullman, a boy with facial differences who enters the fifth grade, attending a mainstream elementary school for the first time."
Wonder Woman,"Action, Adventure, Fantasy",141 min,7.5,76,2017-05-30,30.513,463109,Patty Jenkins,"Gal Gadot,Chris Pine,Robin Wright,Lucy Davis","When a pilot crashes and tells of conflict in the outside world, Diana, an Amazonian warrior in training, leaves home to fight a war, discovering her full powers and true destiny."
Baywatch,"Action, Comedy, Crime",116 min,5.6,37,2017-05-12,17.866,126901,Seth Gordon,"Dwayne Johnson,Zac Efron,Alexandra Daddario,Priyanka Chopra","Devoted lifeguard Mitch Buchannon butts heads with a brash new recruit, as they uncover a criminal plot that threatens the future of the bay."
Jumanji: Welcome to the Jungle,"Action, Adventure, Comedy",119 min,7.0,58,2017-12-09,18.695,228119,Jake Kasdan,"Dwayne Johnson,Karen Gillan,Kevin Hart,Jack Black","Four teenagers are sucked into a magical video game, and the only way they can escape is to work together to finish the game."
Baby Driver,"Action, Crime, Drama",112 min,7.6,86,2017-06-28,19.531,344692,Edgar Wright,"Ansel Elgort,Jon Bernthal,Jon Hamm,Eiza González","After being coerced into working for a crime boss, a young getaway driver finds himself taking part in a heist doomed to fail."
Lady Bird,"Comedy, Drama",94 min,7.4,94,2017-09-08,17.918,164669,Greta Gerwig,"Saoirse Ronan,Laurie Metcalf,Tracy Letts,Lucas Hedges","In 2002, an artistically inclined seventeen-year-old girl comes of age in Sacramento, California."
You Were Never Really Here,"Crime, Drama, Mystery",89 min,6.8,84,2017-11-08,15.844,61942,Lynne Ramsay,"Joaquin Phoenix,Judith Roberts,Ekaterina Samsonov,John Doman","A traumatized veteran, unafraid of violence, tracks down missing girls for a living. When a job spins out of control, Joe's nightmares overtake him as a conspiracy is uncovered leading to what may be his death trip or his awakening."
Dunkirk,"Action, Drama, History",106 min,7.9,94,2017-07-19,24.402,444944,Christopher Nolan,"Fionn Whitehead,Barry Keoghan,Mark Rylance,Tom Hardy","Allied soldiers from Belgium, the British Empire, and France are surrounded by the German Army, and evacuated during a fierce battle in World War II."
Guardians of the Galaxy Vol. 2,"Action, Adventure, Comedy",136 min,7.7,67,2017-04-19,34.124,441577,James Gunn,"Chris Pratt,Zoe Saldana,Dave Bautista,Vin Diesel","The Guardians struggle to keep together as a team while dealing with their personal family issues, notably Star-Lord's encounter with his father the ambitious celestial being Ego."
Logan,"Action, Drama, Sci-Fi",137 min,8.1,77,2017-02-28,32.53,533261,James Mangold,"Hugh Jackman,Patrick Stewart,Dafne Keen,Boyd Holbrook","In a future where mutants are nearly extinct, an elderly and weary Logan leads a quiet life. But when Laura, a mutant child pursued by scientists, comes to him for help, he must get her to safety."
Life,"Horror, Sci-Fi, Thriller",104 min,6.6,54,2017-03-22,12.825,172522,Daniel Espinosa,"Jake Gyllenhaal,Rebecca Ferguson,Ryan Reynolds,Hiroyuki Sanada",A team of scientists aboard the International Space Station discover a rapidly evolving life form that caused extinction on Mars and now threatens all life on Earth.
Beauty and the Beast,"Family, Fantasy, Musical",129 min,7.2,65,2017-03-16,25.026,227854,Bill Condon,"Emma Watson,Dan Stevens,Luke Evans,Josh Gad","A selfish prince is cursed to become a monster for the rest of his life, unless he learns to fall in love with a beautiful young woman he keeps prisoner."
Transformers: The Last Knight,"Action, Adventure, Sci-Fi",154 min,5.2,27,2017-06-16,29.561,113029,Michael Bay,"Mark Wahlberg,Anthony Hopkins,Josh Duhamel,Laura Haddock","Autobots and Decepticons are at war, with humans on the sidelines. Optimus Prime is gone. The key to saving our future lies buried in the secrets of the past, in the hidden history of Transformers on Earth."
Wind River,"Crime, Drama, Mystery",107 min,7.7,73,2017-08-03,14.183,159286,Taylor Sheridan,"Kelsey Asbille,Jeremy Renner,Julia Jones,Teo Briones",A veteran hunter helps an FBI agent investigate the murder of a young woman on a Wyoming Native American reservation.
Coco,"Animation, Adventure, Comedy",105 min,8.4,81,2017-10-27,29.669,253543,"Lee Unkrich,Adrian Molina","Anthony Gonzalez,Gael García Bernal,Benjamin Bratt,Alanna Ubach","Aspiring musician Miguel, confronted with his family's ancestral ban on music, enters the Land of the Dead to find his great-great-grandfather, a legendary singer."
The Killing of a Sacred Deer,"Drama, Mystery, Thriller",121 min,7.0,73,2017-10-20,13.576,82281,Yorgos Lanthimos,"Barry G. Bernson,Herb Caillouet,Bill Camp,Raffey Cassidy","Steven, a charismatic surgeon, is forced to make an unthinkable sacrifice after his life starts to fall apart, when the behavior of a teenage boy he has taken under his wing turns sinister."
Hostiles,"Adventure, Drama, Western",134 min,7.2,65,2017-12-22,11.243,47771,Scott Cooper,"Scott Shepherd,Rosamund Pike,Ava Cooper,Stella Cooper","In 1892, a legendary Army Captain reluctantly agrees to escort a Cheyenne chief and his family through dangerous territory."
Murder on the Orient Express,"Crime, Drama, Mystery",114 min,6.5,52,2017-11-03,19.828,170722,Kenneth Branagh,"Kenneth Branagh,Penélope Cruz,Willem Dafoe,Judi Dench","When a murder occurs on the train on which he's travelling, celebrated detective Hercule Poirot is recruited to solve the case."
What Happened to Monday,"Action, Crime, Drama",123 min,6.9,47,2017-08-18,14.369,79975,Tommy Wirkola,"Noomi Rapace,Glenn Close,Willem Dafoe,Marwan Kenzari","In a world where families are limited to one child due to overpopulation, a set of identical septuplets must avoid being put to a long sleep by the government and dangerous infighting while investigating the disappearance of one of their own."
"I, Tonya","Biography, Comedy, Drama",120 min,7.5,77,2017-12-08,13.379,129626,Craig Gillespie,"Margot Robbie,Sebastian Stan,Allison Janney,Julianne Nicholson","Competitive ice skater Tonya Harding rises amongst the ranks at the U.S. Figure Skating Championships, but her future in the activity is thrown into doubt when her ex-husband intervenes."
Happy Death Day,"Horror, Mystery, Thriller",96 min,6.5,57,2017-10-12,13.144,73244,Christopher Landon,"Jessica Rothe,Israel Broussard,Ruby Modine,Charles Aitken","A college student must relive the day of her murder over and over again, in a loop that will end only when she discovers her killer's identity."
The Post,"Biography, Drama, History",116 min,7.2,83,2017-12-22,17.346,100932,Steven Spielberg,"Meryl Streep,Tom Hanks,Sarah Paulson,Bob Odenkirk",A cover-up that spanned four U.S. Presidents pushed the country's first female newspaper publisher and a hard-driving editor to join an unprecedented battle between the press and the government.
The Death of Stalin,"Comedy, Drama, History",107 min,7.2,88,2017-10-20,11.65,56636,Armando Iannucci,"Steve Buscemi,Simon Russell Beale,Jeffrey Tambor,Andrea Riseborough","Moscow, 1953. After being in power for nearly 30 years, Soviet dictator Josef Stalin takes ill and quickly dies. Now the members of the Council of Ministers scramble for power."
Geostorm,"Action, Sci-Fi, Thriller",109 min,5.3,21,2017-10-13,19.656,74223,Dean Devlin,"Gerard Butler,Jim Sturgess,Abbie Cornish,Alexandra Maria Lara","When the network of satellites designed to control the global climate starts to attack Earth, it's a race against the clock for its creator to uncover the real threat before a worldwide Geostorm wipes out everything and everyone."
Alien: Covenant,"Horror, Sci-Fi, Thriller",122 min,6.4,65,2017-05-09,23.179,218431,Ridley Scott,"Michael Fassbender,Katherine Waterston,Billy Crudup,Danny McBride","The crew of a colony ship, bound for a remote planet, discover an uncharted paradise with a threat beyond their imagination, and must attempt a harrowing escape."
Kingsman: The Golden Circle,"Action, Adventure, Comedy",141 min,6.8,44,2017-09-20,19.286,218379,Matthew Vaughn,"Taron Egerton,Colin Firth,Mark Strong,Channing Tatum","When their headquarters are destroyed and the world is held hostage, the Kingsman's journey leads them to the discovery of an allied spy organization in the United States. These two elite secret organizations must band together to defeat a common enemy."
Pirates of the Caribbean: Dead Men Tell No Tales,"Action, Adventure, Fantasy",129 min,6.6,39,2017-05-23,21.154,218089,"Joachim Rønning,Espen Sandberg","Johnny Depp,Geoffrey Rush,Javier Bardem,Orlando Bloom",Captain Jack Sparrow searches for the trident of Poseidon while being pursued by an undead sea captain and his crew.
xXx: Return of Xander Cage,"Action, Adventure, Thriller",107 min,5.2,42,2017-01-13,18.149,75816,D.J. Caruso,"Vin Diesel,Donnie Yen,Deepika Padukone,Kris Wu","Xander Cage is left for dead after an incident, though he secretly returns to action for a new, tough assignment with his handler Augustus Gibbons."
Bright,"Action, Crime, Fantasy",117 min,6.4,29,2017-12-22,16.243,142388,David Ayer,"Will Smith,Joel Edgerton,Noomi Rapace,Edgar Ramírez",A detective must work with an Orc to find a powerful wand before evil creatures do.
Kong: Skull Island,"Action, Adventure, Fantasy",118 min,6.7,62,2017-03-08,19.89,225486,Jordan Vogt-Roberts,"Tom Hiddleston,Samuel L. Jackson,Brie Larson,John C. Reilly","A team of scientists explore an uncharted island in the Pacific, venturing into the domain of the mighty Kong, and must fight to escape a primal Eden."
Phantom Thread,"Drama, Romance",130 min,7.5,90,2017-12-25,17.913,79961,Paul Thomas Anderson,"Vicky Krieps,Daniel Day-Lewis,Lesley Manville,Julie Vollono","Set in 1950s London, Reynolds Woodcock is a renowned dressmaker whose fastidious life is disrupted by a young, strong-willed woman, Alma, who becomes his muse and lover."
The Mummy,"Action, Adventure, Fantasy",110 min,5.5,34,2017-06-06,11.734,147508,Alex Kurtzman,"Tom Cruise,Sofia Boutella,Annabelle Wallis,Russell Crowe","An ancient Egyptian princess is awakened from her crypt beneath the desert, bringing with her malevolence grown over millennia, and terrors that defy human comprehension."
Darkest Hour,"Biography, Drama, History",125 min,7.4,75,2017-11-22,14.901,127881,Joe Wright,"Gary Oldman,Lily James,Kristin Scott Thomas,Ben Mendelsohn","In May 1940, the fate of Western Europe hangs on British Prime Minister Winston Churchill, who must decide whether to negotiate with Adolf Hitler, or fight on knowing that it could mean a humiliating defeat for Britain and its empire."
Escape Room,"Horror, Thriller",81 min,4.2,0,2017-09-29,10.633,4478,Will Wernick,"Evan Williams,Annabelle Stephenson,Elisabeth Hower,Dan J. Johnson",Four best friends test their intelligence when an escape room they participate in takes a dark and twisted turn.
Escape Room,"Horror, Thriller",81 min,4.2,0,2017-09-29,10.633,1686,Peter Dukes,"Skeet Ulrich,Sean Young,Christine Donlon,Randy Wayne","four friends who partake in a popular Los Angeles escape room, owned by Brice (Ulrich), and find themselves stuck with a demonically possessed killer. Sean Young plays the keeper of a box ...                See full summary »"
The Disaster Artist,"Biography, Comedy, Drama",104 min,7.4,76,2017-03-12,11.66,105163,James Franco,"James Franco,Dave Franco,Ari Graynor,Seth Rogen","When Greg Sestero, an aspiring film actor, meets the weird and mysterious Tommy Wiseau in an acting class, they form a unique friendship and travel to Hollywood to make their dreams come true."
Atomic Blonde,"Action, Mystery, Thriller",115 min,6.7,63,2017-07-26,20.142,143232,David Leitch,"Charlize Theron,James McAvoy,John Goodman,Eddie Marsan",An undercover MI6 agent is sent to Berlin during the Cold War to investigate the murder of a fellow agent and recover a missing list of double agents.
Gerald's Game,"Drama, Horror, Thriller",103 min,6.6,77,2017-09-19,11.366,60235,Mike Flanagan,"Carla Gugino,Bruce Greenwood,Chiara Aurelia,Carel Struycken","While trying to spice up their marriage in their remote lake house, Jessie must fight to survive when her husband dies unexpectedly, leaving her handcuffed to their bed frame."
Downsizing,"Drama, Sci-Fi",135 min,5.7,63,2017-12-22,14.17,70557,Alexander Payne,"Matt Damon,Christoph Waltz,Hong Chau,Kristen Wiig","A social satire in which a man realizes he would have a better life if he were to shrink himself to five inches tall, allowing him to live in wealth and splendor."
Fifty Shades Darker,"Drama, Romance",118 min,4.6,33,2017-02-08,17.203,78441,James Foley,"Dakota Johnson,Jamie Dornan,Eric Johnson,Eloise Mumford","While Christian wrestles with his inner demons, Anastasia must confront the anger and envy of the women who came before her."
Valerian and the City of a Thousand Planets,"Action, Adventure, Fantasy",137 min,6.5,51,2017-07-20,20.285,133867,Luc Besson,"Dane DeHaan,Cara Delevingne,Clive Owen,Rihanna","A dark force threatens Alpha, a vast metropolis and home to species from a thousand planets. Special operatives Valerian and Laureline must race to identify the marauding menace and safeguard not just Alpha, but the future of the universe."
Pitch Perfect 3,"Comedy, Music",93 min,5.8,40,2017-12-20,14.574,41720,Trish Sie,"Anna Kendrick,Rebel Wilson,Brittany Snow,Anna Camp","Following their win at the world championship, the now separated Bellas reunite for one last singing competition at an overseas USO tour, but face a group who uses both instruments and voices."
Revenge,"Action, Horror, Thriller",108 min,6.3,81,2017-09-10,19.32,23364,Coralie Fargeat,"Matilda Anna Ingrid Lutz,Kevin Janssens,Vincent Colombe,Guillaume Bouchède","Never take your mistress on an annual guys' getaway, especially one devoted to hunting - a violent lesson for three wealthy married men."
King Arthur: Legend of the Sword,"Action, Adventure, Drama",126 min,6.8,41,2017-05-10,18.956,162139,Guy Ritchie,"Charlie Hunnam,Astrid Bergès-Frisbey,Jude Law,Djimon Hounsou","Robbed of his birthright, Arthur comes up the hard way in the back alleys of the city. But once he pulls the sword from the stone, he is forced to acknowledge his true legacy - whether he likes it or not."
The Fate of the Furious,"Action, Crime, Thriller",136 min,6.7,56,2017-04-12,34.755,173436,F. Gary Gray,"Vin Diesel,Jason Statham,Dwayne Johnson,Michelle Rodriguez","When a mysterious woman seduces Dom into the world of terrorism and a betrayal of those closest to him, the crew face trials that will test them as never before."
The Ritual,"Horror, Mystery, Thriller",94 min,6.3,57,2017-10-11,9.809,49240,David Bruckner,"Rafe Spall,Arsher Ali,Robert James-Collier,Sam Troughton","A group of college friends reunite for a trip to the forest, but encounter a menacing presence in the woods that's stalking them."
Logan Lucky,"Comedy, Crime, Drama",118 min,7.0,78,2017-08-17,14.633,101070,Steven Soderbergh,"Channing Tatum,Adam Driver,Daniel Craig,Farrah Mackenzie",Two brothers attempt to pull off a heist during a NASCAR race in North Carolina.
The Hitman's Bodyguard,"Action, Comedy, Thriller",118 min,6.9,47,2017-08-16,17.089,154497,Patrick Hughes,"Ryan Reynolds,Samuel L. Jackson,Gary Oldman,Elodie Yung","The world's top bodyguard gets a new client, a hitman who must testify at the International Criminal Court. They must put their differences aside and work together to make it to the trial on time."
Ghost in the Shell,"Action, Drama, Sci-Fi",107 min,6.4,52,2017-03-29,21.039,168595,Rupert Sanders,"Scarlett Johansson,Pilou Asbæk,Takeshi Kitano,Juliette Binoche","In the near future, Major Mila Killian is the first of her kind: A human saved from a terrible crash, who is cyber-enhanced to be a perfect soldier devoted to stopping the world's most dangerous criminals."
The Florida Project,Drama,111 min,7.6,92,2017-10-06,14.112,66846,Sean Baker,"Brooklynn Prince,Bria Vinaite,Willem Dafoe,Christopher Rivera","Set over one summer, the film follows precocious six-year-old Moonee as she courts mischief and adventure with her ragtag playmates and bonds with her rebellious but caring mother, all while living in the shadows of Walt Disney World."
The Lego Batman Movie,"Animation, Action, Comedy",104 min,7.3,75,2017-02-08,14.704,109858,Chris McKay,"Will Arnett,Michael Cera,Rosario Dawson,Ralph Fiennes","A cooler-than-ever Bruce Wayne must deal with the usual suspects as they plan to rule Gotham City, while discovering that he has accidentally adopted a teenage orphan who wishes to become his sidekick."
All the Money in the World,"Biography, Crime, Drama",132 min,6.8,72,2017-12-21,12.177,56351,Ridley Scott,"Michelle Williams,Christopher Plummer,Mark Wahlberg,Romain Duris",The story of the kidnapping of 16-year-old John Paul Getty III and the desperate attempt by his devoted mother to convince his billionaire grandfather Jean Paul Getty to pay the ransom.
American Made,"Action, Biography, Comedy",115 min,7.2,65,2017-08-17,14.129,123886,Doug Liman,"Tom Cruise,Domhnall Gleeson,Sarah Wright,Jesse Plemons","The story of Barry Seal, an American pilot who became a drug-runner for the CIA in the 1980s in a clandestine operation that would be exposed as the Iran-Contra Affair."
The Dark Tower,"Action, Adventure, Fantasy",95 min,5.7,34,2017-08-03,16.301,102254,Nikolaj Arcel,"Idris Elba,Matthew McConaughey,Tom Taylor,Dennis Haysbert","The last Gunslinger: Roland Deschain, has been locked in an eternal battle with Walter O'Dim, also known as the Man in Black, and determined to prevent him from toppling the Dark Tower that holds the universe together. With the fate of the world at stake, good and evil will collide in the ultimate battle, as only Roland can defend the Tower from the Man in Black."
Power Rangers,"Action, Adventure, Sci-Fi",124 min,6.0,44,2017-03-23,15.472,88630,Dean Israelite,"Dacre Montgomery,Naomi Scott,RJ Cyler,Ludi Lin","A group of high-school students, who are infused with unique superpowers, harness their abilities in order to save the world."
Only the Brave,"Action, Biography, Drama",134 min,7.7,72,2017-09-22,15.454,41503,Joseph Kosinski,"Josh Brolin,Miles Teller,Jeff Bridges,Jennifer Connelly","Based on the true story of the Granite Mountain Hotshots, a group of elite firefighters who risk everything to protect a town from a historic wildfire."
Cargo,"Drama, Horror, Sci-Fi",105 min,6.3,65,2017-10-06,15.245,24560,"Ben Howling,Yolanda Ramke","Martin Freeman,Anthony Hayes,Susie Porter,Caren Pistorius","After an epidemic spreads all over Australia, a father searches for someone willing to protect his daughter."
The Bookshop,Drama,113 min,6.5,62,2017-11-10,8.819,6381,Isabel Coixet,"Emily Mortimer,Bill Nighy,Hunter Tremayne,Honor Kneafsey","England 1959. In a small East Anglian town, Florence Green decides, against polite but ruthless local opposition, to open a bookshop."
Ferdinand,"Animation, Adventure, Comedy",108 min,6.7,58,2017-12-09,14.023,37499,Carlos Saldanha,"John Cena,Kate McKinnon,Bobby Cannavale,Jack Gore","After Ferdinand, a bull with a big heart, is mistaken for a dangerous beast, he is captured and torn from his home. Determined to return to his family, he rallies a misfit team on the ultimate adventure."
The Space Between Us,"Adventure, Drama, Romance",120 min,6.4,33,2017-01-26,10.881,38833,Peter Chelsom,"Gary Oldman,Asa Butterfield,Carla Gugino,Britt Robertson","The first human born on Mars travels to Earth for the first time, experiencing the wonders of the planet through fresh eyes. He embarks on an adventure with a street smart girl to discover how he came to be."
T2 Trainspotting,Drama,117 min,7.2,67,2017-01-27,10.454,91806,Danny Boyle,"Ewan McGregor,Ewen Bremner,Jonny Lee Miller,Robert Carlyle","After 20 years abroad, Mark Renton returns to Scotland and reunites with his old friends Sick Boy, Spud, and Begbie."
Shot Caller,"Crime, Drama, Thriller",121 min,7.3,59,2017-07-13,13.322,54435,Ric Roman Waugh,"Nikolaj Coster-Waldau,Omari Hardwick,Lake Bell,Jon Bernthal",A newly released prisoner is forced by the leaders of his gang to orchestrate a major crime with a brutal rival gang on the streets of Southern California.
The Little Hours,"Comedy, Romance",90 min,5.8,69,2017-06-30,8.094,13894,Jeff Baena,"Alison Brie,Dave Franco,Kate Micucci,Aubrey Plaza","In the Middle Ages, a young servant fleeing from his master takes refuge at a convent full of emotionally unstable nuns. Introduced as a deaf mute man, he must fight to hold his cover as the nuns try to resist temptation."
The Foreigner,"Action, Crime, Drama",113 min,7.0,55,2017-09-28,13.789,77438,Martin Campbell,"Katie Leung,Jackie Chan,Rufus Jones,Mark Tandy","A humble businessman with a buried past seeks justice when his daughter is killed in an act of terrorism. A cat-and-mouse conflict ensues with a government official, whose past may hold clues to the killers' identities."
Paddington 2,"Adventure, Comedy, Family",103 min,7.9,88,2017-11-09,11.415,42396,Paul King,"Ben Whishaw,Hugh Grant,Hugh Bonneville,Sally Hawkins","Paddington, now happily settled with the Brown family and a popular member of the local community, picks up a series of odd jobs to buy the perfect present for his Aunt Lucy's 100th birthday, only for the gift to be stolen."
Annabelle: Creation,"Horror, Mystery, Thriller",109 min,6.5,62,2017-08-03,16.798,84858,David F. Sandberg,"Anthony LaPaglia,Samara Lee,Miranda Otto,Brad Greenquist","12 years after the tragic death of their little girl, a dollmaker and his wife welcome a nun and several girls from a shuttered orphanage into their home, where they soon become the target of the dollmaker's possessed creation, Annabelle."
The Babysitter,"Comedy, Horror",85 min,6.3,0,2017-10-13,14.162,43196,McG,"Judah Lewis,Samara Weaving,Robbie Amell,Hana Mae Lee",The events of one evening take an unexpected turn for the worst for a young boy trying to spy on his babysitter.
The Snowman,"Crime, Drama, Mystery",119 min,5.1,23,2017-10-12,13.684,45227,Tomas Alfredson,"Michael Fassbender,Rebecca Ferguson,Charlotte Gainsbourg,Jonas Karlsson",Detective Harry Hole investigates the disappearance of a woman whose scarf is found wrapped around an ominous-looking snowman.
Before I Fall,"Drama, Fantasy, Mystery",98 min,6.4,58,2017-03-02,12.212,37097,Ry Russo-Young,"Zoey Deutch,Halston Sage,Cynthy Wu,Medalion Rahimi","February 12 is just another day in Sam's charmed life, until it turns out to be her last. Stuck reliving her last day over and over, Sam untangles the mystery around her death and discovers everything she's losing."
Battle of the Sexes,"Biography, Comedy, Drama",121 min,6.7,73,2017-09-05,10.022,40799,"Jonathan Dayton,Valerie Faris","Emma Stone,Steve Carell,Andrea Riseborough,Sarah Silverman",The true story of the 1973 tennis match between World number one Billie Jean King and ex-champ and serial hustler Bobby Riggs.
American Assassin,"Action, Thriller",112 min,6.2,45,2017-09-14,11.69,55313,Michael Cuesta,"Dylan O'Brien,Michael Keaton,Sanaa Lathan,Taylor Kitsch","After the death of his girlfriend at the hands of terrorists, Mitch Rapp is drawn into the world of counterterrorism, mentored by tough-as-nails former U.S. Navy S.E.A.L. Stan Hurley."
The Rider,"Drama, Western",104 min,7.5,92,2017-08-16,8.704,7833,Chloé Zhao,"Brady Jandreau,Mooney,Tim Jandreau,Lilly Jandreau","After suffering a near fatal head injury, a young cowboy undertakes a search for new identity and what it means to be a man in the heartland of America."
Gifted,Drama,101 min,7.6,60,2017-04-12,13.656,78287,Marc Webb,"Chris Evans,Mckenna Grace,Lindsay Duncan,Octavia Spencer","Frank, a single man raising his child prodigy niece Mary, is drawn into a custody battle with his mother."
Death Note,"Adventure, Crime, Drama",101 min,4.5,43,2017-08-25,9.705,64365,Adam Wingard,"Nat Wolff,Lakeith Stanfield,Margaret Qualley,Shea Whigham","A high school student named Light Turner discovers a mysterious notebook that has the power to kill anyone whose name is written within its pages, and launches a secret crusade to rid the world of criminals."
Okja,"Action, Adventure, Drama",120 min,7.3,75,2017-06-28,9.113,68343,Joon-ho Bong,"Tilda Swinton,Paul Dano,Seo-hyun Ahn,Jake Gyllenhaal","A young girl risks everything to prevent a powerful, multinational company from kidnapping her best friend - a fascinating beast named Okja."
The Big Sick,"Comedy, Drama, Romance",120 min,7.6,86,2017-06-23,13.125,99745,Michael Showalter,"Kumail Nanjiani,Zoe Kazan,Holly Hunter,Ray Romano","Pakistan-born comedian Kumail Nanjiani and grad student Emily Gardner fall in love but struggle as their cultures clash. When Emily contracts a mysterious illness, Kumail finds himself forced to face her feisty parents, his family's expectations, and his true feelings."
You Get Me,"Crime, Drama, Romance",89 min,4.7,0,2017-06-19,8.165,8808,Brent Bonacorso,"Bella Thorne,Halston Sage,Taylor John Smith,Nash Grier","Tyler's crazy in love with his perfect girlfriend Ali, but when a big fight makes him and Ali break up, he lands in the arms of Holly, an out-of-towner who shows him a night he's gonna ...                See full summary »"
Rebel in the Rye,"Biography, Drama, Romance",106 min,6.7,46,2017-09-15,8.884,5704,Danny Strong,"Nicholas Hoult,Kevin Spacey,Victor Garber,Hope Davis","The life of celebrated but reclusive author, J.D. Salinger, who gained worldwide fame with the publication of his novel, ""The Catcher in the Rye""."
The Circle,"Drama, Sci-Fi, Thriller",110 min,5.3,43,2017-04-27,13.236,69719,James Ponsoldt,"Emma Watson,Tom Hanks,John Boyega,Ellar Coltrane","A woman lands a dream job at a powerful tech company called the Circle, only to uncover an agenda that will affect the lives of all of humanity."
1922,"Crime, Drama, Horror",102 min,6.3,70,2017-10-20,8.065,33055,Zak Hilditch,"Thomas Jane,Molly Parker,Dylan Schmid,Kaitlyn Bernard","A simple yet proud farmer in the year 1922 conspires to murder his wife for financial gain, convincing his teenage son to assist. But their actions have unintended consequences."
War for the Planet of the Apes,"Action, Adventure, Drama",140 min,7.5,82,2017-07-11,22.29,193709,Matt Reeves,"Andy Serkis,Woody Harrelson,Steve Zahn,Karin Konoval","After the apes suffer unimaginable losses, Caesar wrestles with his darker instincts and begins his own mythic quest to avenge his kind."
Jigsaw,"Horror, Mystery, Thriller",92 min,5.8,39,2017-10-26,22.026,54392,"Michael Spierig,Peter Spierig","Matt Passmore,Tobin Bell,Callum Keith Rennie,Hannah Emily Anderson","Bodies are turning up around the city, each having met a uniquely gruesome demise. As the investigation proceeds, evidence points to one suspect: John Kramer, the man known as Jigsaw, who has been dead for over 10 years."
Cold Skin,"Adventure, Horror, Sci-Fi",108 min,6.0,0,2017-10-20,8.767,7827,Xavier Gens,"Ray Stevenson,David Oakes,Aura Garrido,Winslow M. Iwaki","In 1914, a young man arrives at a remote island near the Antarctic Circle to take the post of weather observer only to find himself trapped in a watchtower besieged by deadly creatures which live in hiding on the island."
Good Time,"Crime, Drama, Thriller",101 min,7.3,80,2017-08-11,14.591,48476,"Benny Safdie,Josh Safdie","Robert Pattinson,Benny Safdie,Jennifer Jason Leigh,Buddy Duress","After a botched bank robbery lands his younger brother in prison, Connie Nikas embarks on a twisted odyssey through the city's underworld in an increasingly desperate-and dangerous-attempt to get his brother Nick out of jail."
It Comes at Night,"Horror, Mystery",91 min,6.2,78,2017-06-09,9.911,65745,Trey Edward Shults,"Joel Edgerton,Christopher Abbott,Carmen Ejogo,Riley Keough","Secure within a desolate home as an unnatural threat terrorizes the world, a man has established a tenuous domestic order with his wife and son. Then a desperate young family arrives seeking refuge."
Brawl in Cell Block 99,"Crime, Drama",132 min,7.1,79,2017-09-23,8.613,40635,S. Craig Zahler,"Vince Vaughn,Jennifer Carpenter,Don Johnson,Udo Kier",A former boxer-turned-drug runner lands in a prison battleground after a deal gets deadly.
The Glass Castle,"Biography, Drama",127 min,7.2,56,2017-08-10,11.639,21554,Destin Daniel Cretton,"Brie Larson,Woody Harrelson,Naomi Watts,Ella Anderson",A young girl comes of ae in a dysfunctional family of nonconformist nomads with a mother who's an eccentric artist and an alcoholic father who would stir the children's imagination with hope as a distraction to their poverty.
Stronger,"Biography, Drama",119 min,7.0,76,2017-09-22,8.226,31236,David Gordon Green,"Jake Gyllenhaal,Tatiana Maslany,Miranda Richardson,Richard Lane Jr.","Stronger is the inspiring real life story of Jeff Bauman, an ordinary man who captured the hearts of his city and the world to become a symbol of hope after surviving the 2013 Boston Marathon bombing."
A Dog's Purpose,"Adventure, Comedy, Drama",100 min,7.0,43,2017-01-19,13.315,50238,Lasse Hallström,"Josh Gad,Dennis Quaid,Peggy Lipton,Bryce Gheisar",A dog looks to discover his purpose in life over the course of several lifetimes and owners.
Suburbicon,"Comedy, Crime, Drama",105 min,5.6,42,2017-10-26,8.729,29518,George Clooney,"Matt Damon,Julianne Moore,Oscar Isaac,Noah Jupe","As a 1950s suburban community self-destructs, a home invasion has sinister consequences for one seemingly normal family."
"Roman J. Israel, Esq.","Crime, Drama, Thriller",122 min,6.4,58,2017-11-17,8.341,21772,Dan Gilroy,"Denzel Washington,Colin Farrell,Carmen Ejogo,Lynda Gravatt","Roman J. Israel, Esq., a driven, idealistic defense attorney, finds himself in a tumultuous series of events that lead to a crisis and the necessity for extreme action."
Cars 3,"Animation, Adventure, Comedy",102 min,6.8,59,2017-06-15,12.082,55196,Brian Fee,"Owen Wilson,Cristela Alonzo,Chris Cooper,Nathan Fillion",Lightning McQueen sets out to prove to a new generation of racers that he's still the best race car in the world.
Mom and Dad,"Comedy, Horror, Thriller",86 min,5.5,59,2017-09-09,9.008,14429,Brian Taylor,"Nicolas Cage,Selma Blair,Anne Winters,Zackary Arthur",A teenage girl and her little brother must survive a wild 24 hours during which a mass hysteria of unknown origins causes parents to turn violently on their own kids.
Newness,"Drama, Romance",117 min,6.4,50,2017-11-03,9.657,8265,Drake Doremus,"Nicholas Hoult,Laia Costa,Danny Huston,Courtney Eaton","In contemporary Los Angeles, two millennials navigating a social media-driven hookup culture begin a relationship that pushes both emotional and physical boundaries."
Fist Fight,Comedy,91 min,5.6,37,2017-02-16,9.378,33476,Richie Keen,"Ice Cube,Charlie Day,Tracy Morgan,Christina Hendricks","When one school teacher unwittingly causes another teacher's dismissal, he is challenged to an after-school fight."
The Bye Bye Man,"Drama, Fantasy, Horror",96 min,4.3,37,2017-01-12,8.985,16404,Stacy Title,"Douglas Smith,Lucien Laviscount,Cressida Bonas,Michael Trucco",Three friends stumble upon the horrific origins of a mysterious figure they discover is the root cause of the evil behind unspeakable acts.
Mudbound,"Drama, War",134 min,7.4,85,2017-11-17,11.779,31830,Dee Rees,"Carey Mulligan,Garrett Hedlund,Jonathan Banks,Jason Clarke","Two men return home from World War II to work on a farm in rural Mississippi, where they struggle to deal with racism and adjusting to life after war."
The Book of Henry,"Crime, Drama, Thriller",105 min,6.6,31,2017-06-16,7.737,18057,Colin Trevorrow,"Naomi Watts,Jaeden Lieberher,Jacob Tremblay,Sarah Silverman","With instructions from her genius son's carefully crafted notebook, a single mother sets out to rescue a young girl from the hands of her abusive stepfather."
Rough Night,"Comedy, Crime, Thriller",101 min,5.2,51,2017-06-15,12.863,37062,Lucia Aniello,"Scarlett Johansson,Kate McKinnon,Zoë Kravitz,Ilana Glazer",Things go terribly wrong for a group of girlfriends who hire a male stripper for a bachelorette party in Miami.
War Machine,"Comedy, Drama, War",122 min,6.0,56,2017-05-26,8.823,33218,David Michôd,"Brad Pitt,Daniel Betts,John Magaro,Emory Cohen","An idiosyncratic General confronts opposition from enemies, allies, and bureaucrats while leading a massive rebuilding operation in Afghanistan."
The Mountain Between Us,"Action, Adventure, Drama",112 min,6.4,48,2017-10-05,9.394,54184,Hany Abu-Assad,"Idris Elba,Kate Winslet,Beau Bridges,Dermot Mulroney","Stranded after a tragic plane crash, two strangers must forge a connection to survive the extreme elements of a remote snow-covered mountain. When they realize help is not coming, they embark on a perilous journey across the wilderness."
The Boss Baby,"Animation, Adventure, Comedy",97 min,6.3,50,2017-03-23,7.357,89046,Tom McGrath,"Alec Baldwin,Steve Buscemi,Jimmy Kimmel,Lisa Kudrow","A suit-wearing, briefcase-carrying baby pairs up with his 7-year old brother to stop the dastardly plot of the CEO of Puppy Co."
Girls Trip,"Comedy, Drama",122 min,6.2,71,2017-07-21,12.099,27986,Malcolm D. Lee,"Regina Hall,Queen Latifah,Jada Pinkett Smith,Tiffany Haddish","When four lifelong friends travel to New Orleans for the annual Essence Festival, sisterhoods are rekindled, wild sides are rediscovered, and there's enough dancing, drinking, brawling, and romancing to make the Big Easy blush."
To the Bone,Drama,107 min,6.9,64,2017-01-22,7.927,30633,Marti Noxon,"Rebekah Kennedy,Lily Collins,Dana L. Wilson,Ziah Colon","A young woman, dealing with anorexia, meets an unconventional doctor who challenges her to face her condition and embrace life."
Jungle,"Action, Adventure, Biography",115 min,6.7,48,2017-10-14,13.931,33348,Greg McLean,"Daniel Radcliffe,Yasmin Kassim,Luis Jose Lopez,Lily Sullivan","A group of friends join a guide for a trek into the Bolivian jungle, searching for an Indian village. The men soon realize that the jungle is a difficult place to be."
Breathe,"Biography, Drama, Romance",118 min,7.1,51,2017-10-13,8.564,14154,Andy Serkis,"Andrew Garfield,Claire Foy,Hugh Bonneville,Ed Speleers","The inspiring true love story of Robin and Diana Cavendish, an adventurous couple who refuse to give up in the face of a devastating disease. Their heartwarming celebration of human possibility marks the directorial debut of Andy Serkis."
Goodbye Christopher Robin,"Biography, Drama",107 min,7.1,54,2017-09-29,9.793,18427,Simon Curtis,"Domhnall Gleeson,Margot Robbie,Kelly Macdonald,Vicki Pepperdine","The relationship between writer AA Milne and his son, Christopher Robin, and how this became the inspiration for Winnie the Pooh."
The Square,"Comedy, Drama",151 min,7.3,73,2017-08-25,11.379,41622,Ruben Östlund,"Claes Bang,Elisabeth Moss,Dominic West,Terry Notary",A prestigious Stockholm museum's chief art curator finds himself in times of both professional and personal crisis as he attempts to set up a controversial new exhibit.
Detroit,"Crime, Drama, History",143 min,7.4,77,2017-07-28,12.803,38103,Kathryn Bigelow,"John Boyega,Anthony Mackie,Algee Smith,Jacob Latimore",Fact-based drama set during the 1967 Detroit riots in which a group of rogue police officers respond to a complaint with retribution rather than justice on their minds.
Flatliners,"Drama, Horror, Mystery",109 min,5.2,27,2017-09-28,14.081,31887,Niels Arden Oplev,"Ellen Page,Diego Luna,Nina Dobrev,James Norton","Five medical students, obsessed by what lies beyond the confines of life, embark on a daring experiment: by stopping their hearts for short periods, each triggers a near-death experience - giving them a firsthand account of the afterlife."
A Ghost Story,"Drama, Fantasy, Romance",92 min,6.8,84,2017-07-07,10.58,43856,David Lowery,"Casey Affleck,Rooney Mara,McColm Cephas Jr.,Kenneisha Thompson","In this singular exploration of legacy, love, loss, and the enormity of existence, a recently deceased, white-sheeted ghost returns to his suburban home to try to reconnect with his bereft wife."
Home Again,"Comedy, Drama, Romance",97 min,5.8,41,2017-09-07,9.35,21303,Hallie Meyers-Shyer,"Reese Witherspoon,Michael Sheen,Candice Bergen,Pico Alexander",Life for a single mom in Los Angeles takes an unexpected turn when she allows three young guys to move in with her.
The Shack,"Drama, Fantasy",132 min,6.3,32,2017-03-03,8.991,24527,Stuart Hazeldine,"Sam Worthington,Octavia Spencer,Tim McGraw,Radha Mitchell","A grieving man receives a mysterious, personal invitation to meet with God at a place called ""The Shack."""
47 Meters Down,"Adventure, Drama, Horror",89 min,5.6,52,2017-05-25,13.207,36803,Johannes Roberts,"Mandy Moore,Claire Holt,Matthew Modine,Chris Johnson","Two sisters vacationing in Mexico are trapped in a shark cage at the bottom of the ocean. With less than an hour of oxygen left and great white sharks circling nearby, they must fight to survive."
Rings,"Drama, Horror, Romance",102 min,4.5,25,2017-02-01,9.434,33023,F. Javier Gutiérrez,"Matilda Anna Ingrid Lutz,Alex Roe,Johnny Galecki,Vincent D'Onofrio",A young woman finds herself on the receiving end of a terrifying curse that threatens to take her life in 7 days.
Loving Vincent,"Animation, Biography, Crime",94 min,7.8,62,2017-06-22,8.991,36681,"Dorota Kobiela,Hugh Welchman","Douglas Booth,Jerome Flynn,Robert Gulaczyk,Helen McCrory","In a story depicted in oil painted animation, a young man comes to the last hometown of painter Vincent van Gogh to deliver the troubled artist's final letter and ends up investigating his final days there."
A Bad Moms Christmas,"Adventure, Comedy",104 min,5.5,42,2017-11-01,15.258,31108,"Jon Lucas,Scott Moore","Mila Kunis,Kristen Bell,Kathryn Hahn,Jay Hernandez","As their own mothers drop in unexpectedly, our three under-appreciated and over-burdened moms rebel against the challenges and expectations of the Super Bowl for mothers: Christmas."
The Beguiled,"Drama, Thriller",93 min,6.3,77,2017-06-23,11.326,40630,Sofia Coppola,"Nicole Kidman,Kirsten Dunst,Elle Fanning,Colin Farrell",The unexpected arrival of a wounded Union soldier at a girls school in Virginia during the American Civil War leads to jealousy and betrayal.
Despicable Me 3,"Animation, Action, Adventure",89 min,6.3,49,2017-06-15,14.103,86474,"Kyle Balda,Pierre Coffin,Eric Guillon","Steve Carell,Kristen Wiig,Trey Parker,Miranda Cosgrove","Gru meets his long-lost charming, cheerful, and more successful twin brother Dru who wants to team up with him for one last criminal heist."
My Friend Dahmer,"Biography, Drama, Horror",107 min,6.3,68,2017-11-03,9.081,9691,Marc Meyers,"Ross Lynch,Alex Wolff,Anne Heche,Zachary Davis Brown",A young Jeffrey Dahmer struggles to belong in high school.
"Everything, Everything","Drama, Romance",96 min,6.4,52,2017-05-18,11.801,24932,Stella Meghie,"Amandla Stenberg,Nick Robinson,Anika Noni Rose,Ana de la Reguera",A teenager who's spent her whole life confined to her home falls for the boy next door.
Unlocked,"Action, Drama, Mystery",98 min,6.2,46,2017-04-27,12.389,21988,Michael Apted,"Noomi Rapace,Orlando Bloom,Toni Collette,John Malkovich",A CIA interrogator is lured into a ruse that puts London at risk of a biological attack.
The Emoji Movie,"Animation, Adventure, Comedy",86 min,3.2,12,2017-07-23,11.385,45071,Tony Leondis,"T.J. Miller,James Corden,Anna Faris,Maya Rudolph","Gene, a multi-expressional emoji, sets out on a journey to become a normal emoji."
Escape Room,Horror,86 min,4.3,0,2017-09-29,10.633,4478,Will Wernick,"Evan Williams,Annabelle Stephenson,Elisabeth Hower,Dan J. Johnson",Four best friends test their intelligence when an escape room they participate in takes a dark and twisted turn.
Escape Room,Horror,86 min,4.3,0,2017-09-29,10.633,1686,Peter Dukes,"Skeet Ulrich,Sean Young,Christine Donlon,Randy Wayne","four friends who partake in a popular Los Angeles escape room, owned by Brice (Ulrich), and find themselves stuck with a demonically possessed killer. Sean Young plays the keeper of a box ...                See full summary »"
The Layover,"Comedy, Romance",88 min,4.7,15,2017-09-01,15.187,9431,William H. Macy,"Kate Upton,Alexandra Daddario,Matt Barr,Matt Jones",Two friends on a road trip compete for the affections of a handsome man when their flight is redirected due to a hurricane.
The Man with the Iron Heart,"Action, Biography, Thriller",120 min,6.4,0,2017-05-25,13.421,10151,Cédric Jimenez,"Jason Clarke,Rosamund Pike,Jack O'Connell,Jack Reynor","As the German Fascists expand their borders, scorching Europe from end to end, two brave Czechs of the Resistance prepare for a suicide mission to assassinate Reinhard Heydrich, the hideous mastermind behind the ""Final Solution""."
Sleepless,"Action, Crime, Thriller",95 min,5.6,34,2017-01-12,12.059,24316,Baran bo Odar,"Jamie Foxx,Michelle Monaghan,Dermot Mulroney,Gabrielle Union",A cop with a connection to the criminal underworld scours a nightclub in search of his kidnapped son.
Marrowbone,"Drama, Horror, Thriller",110 min,6.6,63,2017-10-27,9.018,14659,Sergio G. Sánchez,"George MacKay,Anya Taylor-Joy,Charlie Heaton,Mia Goth","A young man and his three younger siblings, who have kept secret the death of their beloved mother in order to remain together, are plagued by a sinister presence in the sprawling manor in which they live."
Loving Pablo,"Action, Biography, Crime",123 min,6.3,42,2017-10-12,8.797,11738,Fernando León de Aranoa,"Javier Bardem,Penélope Cruz,Peter Sarsgaard,Julieth Restrepo",A journalist strikes up a romantic relationship with notorious drug lord Pablo Escobar.
Crooked House,"Crime, Drama, Mystery",115 min,6.3,59,2017-10-31,10.516,12298,Gilles Paquet-Brenner,"Max Irons,Stefanie Martini,Glenn Close,Honor Kneafsey","In Agatha Christie's most twisted tale, a spy-turned-private-detective is lured by his former lover to catch her grandfather's murderer before Scotland Yard exposes dark family secrets."
Aftermath,"Drama, Thriller",94 min,5.7,44,2017-02-28,8.379,17147,Elliott Lester,"Arnold Schwarzenegger,Scoot McNairy,Maggie Grace,Judah Nelson",Two strangers' lives become inextricably bound together after a devastating plane crash.
Wonder Wheel,Drama,101 min,6.2,45,2017-12-01,9.005,18458,Woody Allen,"Justin Timberlake,Juno Temple,Robert C. Kirk,Kate Winslet","On Coney Island in the 1950s, a lifeguard tells the story of a middle-aged carousel operator, his beleaguered wife, and the visitor who turns their lives upside-down."
Table 19,"Comedy, Drama, Romance",87 min,5.8,40,2017-03-03,7.734,21893,Jeffrey Blitz,"Anna Kendrick,Lisa Kudrow,Craig Robinson,Stephen Merchant","Eloise, having been relieved of maid of honor duties after being unceremoniously dumped by the best man via text, decides to attend the wedding anyway, only to find herself seated with five fellow unwanted guests at the dreaded Table 19."
Professor Marston and the Wonder Women,"Biography, Drama",108 min,7.1,68,2017-10-13,11.165,16507,Angela Robinson,"Luke Evans,Rebecca Hall,Bella Heathcote,Connie Britton","The story of psychologist William Moulton Marston, and his polyamorous relationship with his wife and their mistress who would inspire his creation of the superheroine, Wonder Woman."
Tulip Fever,"Drama, History, Romance",105 min,6.2,38,2017-07-13,8.961,14005,Justin Chadwick,"Alicia Vikander,Dane DeHaan,Jack O'Connell,Holliday Grainger",An artist falls for a young married woman while he's commissioned to paint her portrait during the Tulip mania of 17th century Amsterdam.
In the Fade,"Crime, Drama, Thriller",106 min,7.1,65,2017-11-23,9.519,20007,Fatih Akin,"Numan Acar,Adam Bousdoukos,Diane Kruger,Denis Moschitto","Katja's life collapses after the death of her husband and son in a bomb attack. After a time of mourning and injustice, Katja seeks revenge."
Song to Song,"Drama, Music, Romance",129 min,5.7,54,2017-03-17,7.434,14884,Terrence Malick,"Ryan Gosling,Rooney Mara,Michael Fassbender,Natalie Portman","Two intersecting love triangles. Obsession and betrayal set against the music scene in Austin, Texas."
Father Figures,"Adventure, Comedy, Drama",113 min,5.4,22,2017-12-21,10.301,13193,Lawrence Sher,"Owen Wilson,Ed Helms,Glenn Close,Robert Jon Mello","Upon learning that their mother has been lying to them for years about their allegedly deceased father, two fraternal twin brothers hit the road in order to find him."
The Vanishing of Sidney Hall,"Drama, Mystery, Romance",119 min,6.9,18,2017-10-06,10.413,6580,Shawn Christensen,"Yahya Abdul-Mateen II,Michelle Monaghan,Elle Fanning,Logan Lerman","Sidney Hall finds accidental success and unexpected love at an early age, then disappears without a trace."
Leatherface,"Crime, Horror, Thriller",90 min,5.0,40,2017-09-14,12.465,15485,"Alexandre Bustillo,Julien Maury","Stephen Dorff,Lili Taylor,Sam Strike,Vanessa Grasse","A teenage Leatherface escapes from a mental hospital with three other inmates, kidnapping a young nurse and taking her on a road trip from hell, while being pursued by a lawman out for revenge."
The House,"Comedy, Crime",88 min,5.6,30,2017-06-29,9.293,31270,Andrew Jay Cohen,"Will Ferrell,Amy Poehler,Ryan Simpkins,Jason Mantzoukas","After the town takes away their daughter's college scholarship, a couple start an illegal casino in their friend's house to make back the money."
God's Own Country,"Drama, Romance",104 min,7.7,85,2017-09-01,10.132,16164,Francis Lee,"Josh O'Connor,Alec Secareanu,Gemma Jones,Ian Hart","Spring. Yorkshire. Young farmer Johnny Saxby numbs his daily frustrations with binge drinking and casual sex, until the arrival of a Romanian migrant worker for lambing season ignites an intense relationship that sets Johnny on a new path."
Once Upon a Time in Venice,"Comedy, Crime, Mystery",94 min,5.3,28,2017-06-08,9.998,13763,Mark Cullen,"Bruce Willis,John Goodman,Jason Momoa,Emily Robinson",A Los Angeles detective seeks out the ruthless gang that stole his dog.
Singularity,"Action, Adventure, Drama",92 min,3.9,0,2017-11-24,9.866,11875,Robert Kouba,"Julian Schaffner,John Cusack,Carmen Argenziano,Eileen Grubba","In 2020, Elias van Dorne (John Cusack), CEO of VA Industries, the world's largest robotics company, introduces his most powerful invention--Kronos, a super computer designed to end all wars...                See full summary »"
Going in Style,"Comedy, Crime",96 min,6.6,50,2017-04-06,10.447,62496,Zach Braff,"Michael Caine,Alan Arkin,Ann-Margret,Matt Dillon","Desperate to pay the bills and come through for their loved ones, three lifelong pals risk it all by embarking on a daring bid to knock off the very bank that absconded with their money."
2:22,Thriller,98 min,5.8,0,2017-06-29,11.973,15455,Paul Currie,"Teresa Palmer,Michiel Huisman,Remy Hii,Sam Reid","A man's life is derailed when an ominous pattern of events repeats itself in exactly the same manner every day, ending at precisely 2:22 p.m."
Ingrid Goes West,"Comedy, Drama",98 min,6.6,71,2017-08-11,7.745,25550,Matt Spicer,"Aubrey Plaza,Elizabeth Olsen,O'Shea Jackson Jr.,Wyatt Russell",An unhinged social media stalker moves to LA and insinuates herself into the life of an Instagram star.
Lucky,"Comedy, Drama",88 min,7.4,80,2017-09-29,9.685,13028,John Carroll Lynch,"Harry Dean Stanton,David Lynch,Ron Livingston,Ed Begley Jr.",The spiritual journey of a ninety-year-old atheist.
The Zookeeper's Wife,"Biography, Drama, History",127 min,7.0,57,2017-03-31,9.826,29635,Niki Caro,"Jessica Chastain,Johan Heldenbergh,Daniel Brühl,Timothy Radford","The Zookeeper's Wife tells the account of keepers of the Warsaw Zoo, Antonina and Jan Zabinski, who helped save hundreds of people and animals during the German invasion."
Berlin Syndrome,"Drama, Horror, Mystery",116 min,6.3,70,2017-05-25,8.959,17719,Cate Shortland,"Teresa Palmer,Max Riemelt,Matthias Habich,Emma Bading","A passionate holiday romance leads to an obsessive relationship, when an Australian photojournalist wakes one morning in a Berlin apartment and is unable to leave."
Prodigy,"Drama, Sci-Fi, Thriller",80 min,6.1,0,2017-03-04,8.631,3773,"Alex Haughey,Brian Vidal","Richard Neil,Savannah Liles,Jolene Andersen,Emilio Palame","A psychologist engages a dangerous, young genius in a battle of wits -- unaware of the supernatural power the girl possesses, or that her life hangs in the balance."
Last Flag Flying,"Comedy, Drama, War",125 min,6.9,65,2017-02-01,7.087,17662,Richard Linklater,"Bryan Cranston,Laurence Fishburne,Steve Carell,J. Quinton Johnson","Thirty years after they served together in Vietnam, a former Navy Corpsman Larry ""Doc"" Shepherd re-unites with his old buddies, former Marines Sal Nealon and Reverend Richard Mueller, to bury his son, a young Marine killed in the Iraq War."
Novitiate,Drama,123 min,6.6,73,2017-10-27,6.997,2754,Maggie Betts,"Melissa Leo,Lisa Stewart,Alyssa Brindley,Chelsea Lopez","Set in the early 1960s and during the era of Vatican II, a young woman in training to become a nun struggles with issues of faith, the changing church and sexuality."
First Kill,"Action, Crime, Drama",97 min,4.9,39,2017-07-21,8.989,7276,Steven C. Miller,"Bruce Willis,Hayden Christensen,Ty Shelton,Megan Leonard",A Wall Street broker is forced to evade a police chief investigating a bank robbery as he attempts to recover the stolen money in exchange for his son's life.
Thelma,"Drama, Fantasy, Horror",116 min,7.0,74,2017-09-15,7.562,19295,Joachim Trier,"Eili Harboe,Kaya Wilkins,Henrik Rafaelsen,Ellen Dorrit Petersen",A confused religious girl tries to deny her feelings for a female friend who's in love with her. This causes her suppressed subconsciously-controlled psychokinetic powers to reemerge with devastating results.
The Discovery,"Drama, Mystery, Romance",102 min,6.3,54,2017-03-31,8.744,23582,Charlie McDowell,"Robert Redford,Mary Steenburgen,Brian McCarthy,Jason Segel","Two years after the afterlife is scientifically proven, a man attempts to help a young woman break away from her dark past."
Thank You for Your Service,"Biography, Drama, War",109 min,6.5,68,2017-10-26,8.14,9283,Jason Hall,"Miles Teller,Beulah Koale,Joe Cole,Scott Haze","A group of U.S. soldiers returning from Iraq struggle to integrate back into family and civilian life, while living with the memory of a war that threatens to destroy them long after they've left the battlefield."
Smurfs: The Lost Village,"Animation, Adventure, Comedy",90 min,6.0,40,2017-03-23,11.099,14685,Kelly Asbury,"Demi Lovato,Rainn Wilson,Joe Manganiello,Jack McBrayer","In this fully animated, all-new take on the Smurfs, a mysterious map sets Smurfette and her friends Brainy, Clumsy, and Hefty on an exciting race through the Forbidden Forest, leading to the discovery of the biggest secret in Smurf history."
Victoria & Abdul,"Biography, Drama, History",111 min,6.8,58,2017-09-14,11.139,23697,Stephen Frears,"Judi Dench,Ali Fazal,Tim Pigott-Smith,Eddie Izzard",Queen Victoria strikes up an unlikely friendship with a young Indian clerk named Abdul Karim.
How to Talk to Girls at Parties,"Comedy, Music, Romance",102 min,5.8,50,2017-10-06,7.325,6281,John Cameron Mitchell,"Nicole Kidman,Ruth Wilson,Elle Fanning,Stephen Campbell Moore",An alien touring the galaxy breaks away from her group and meets two young inhabitants of the most dangerous place in the universe: the London suburb of Croydon.
Bleeding Steel,"Action, Sci-Fi, Thriller",109 min,5.2,43,2017-12-18,15.618,5662,Leo Zhang,"Jackie Chan,Show Lo,Na-Na OuYang,Erica Xia-Hou",A Special Forces Agent is assigned to protect a scientist and his creation from a sinister gang.
Sand Castle,"Drama, War",113 min,6.3,45,2017-04-21,7.228,14149,Fernando Coimbra,"Nicholas Hoult,Logan Marshall-Green,Henry Cavill,Glen Powell","The story follows a young soldier, and his introduction into the 2003 invasion of Iraq. Based on true events, it bears witness to the destruction, and horrors of war."
My Cousin Rachel,"Drama, Mystery, Romance",106 min,6.0,63,2017-06-08,9.3,14802,Roger Michell,"Rachel Weisz,Sam Claflin,Holliday Grainger,Iain Glen","A young Englishman plots revenge against his late cousin's mysterious, beautiful wife, believing her responsible for his death. But his feelings become complicated as he finds himself falling under the beguiling spell of her charms."
Pilgrimage,"Adventure, Drama, Mystery",96 min,5.8,60,2017-08-11,8.19,3388,Brendan Muldowney,"Tom Holland,Richard Armitage,Jon Bernthal,Nikos Karathanos","In 13th century Ireland, a group of monks must escort a sacred relic across an Irish landscape fraught with peril."
Mark Felt: The Man Who Brought Down the White House,"Biography, Drama, History",103 min,6.4,49,2017-09-28,10.534,8590,Peter Landesman,"Liam Neeson,Diane Lane,Marton Csokas,Tony Goldwyn","The story of Mark Felt, who under the name ""Deep Throat"" helped journalists Bob Woodward and Carl Bernstein uncover the Watergate scandal in 1972."
Hangman,"Crime, Mystery, Thriller",98 min,5.2,31,2017-12-22,8.052,9574,Johnny Martin,"Al Pacino,Karl Urban,Brittany Snow,Joe Anderson",A homicide detective teams up with a criminal profiler to catch a serial killer whose crimes are inspired by the children's game Hangman.
Columbus,Drama,100 min,7.2,89,2017-08-04,8.267,9513,Kogonada,"John Cho,Haley Lu Richardson,Parker Posey,Michelle Forbes","A Korean-born man finds himself stuck in Columbus, Indiana, where his architect father is in a coma. The man meets a young woman who wants to stay in Columbus with her mother, a recovering addict, instead of pursuing her own dreams."
Kidnap,"Crime, Drama, Thriller",95 min,5.9,44,2017-06-16,18.683,27718,Luis Prieto,"Halle Berry,Sage Correa,Chris McGinn,Lew Temple",A mother stops at nothing to recover her kidnapped son.
Pokémon the Movie: I Choose You!,"Animation, Action, Adventure",98 min,6.4,0,2017-07-15,10.881,3549,Kunihiko Yuyama,"Unshô Ishizuka,Rica Matsumoto,Sarah Natochenny,Megumi Hayashibara",Ash Ketchum from Pallet Town is 10 years old today. This means he is now old enough to become a Pokémon Trainer. Ash dreams big about the adventures he will experience after receiving his first Pokémon from Professor Oak.
Killing Gunther,"Action, Comedy",92 min,4.7,53,2017-09-22,8.358,8367,Taran Killam,"Taran Killam,Dave 'Squatch' Ward,Bobby Moynihan,Hannah Simone","A group of eccentric assassins are fed up with Gunther, the world's greatest hitman, and decide to kill him, but their plan turns into a series of bungled encounters as Gunther seems to always be one step ahead."
Unforgettable,"Drama, Thriller",100 min,5.1,45,2017-03-06,9.562,10820,Denise Di Novi,"Rosario Dawson,Katherine Heigl,Geoff Stults,Isabella Kai",A woman sets out to make life a living hell for her ex-husband's new fiancée.
Inconceivable,"Drama, Thriller",105 min,5.2,0,2017-06-30,10.725,6608,Jonathan Baker,"Gina Gershon,Nicky Whelan,Nicolas Cage,Sienna Soho Baker","A mother looks to escape her abusive past by moving to a new town where she befriends another mother, who grows suspicious of her."
Fullmetal Alchemist,"Action, Adventure, Fantasy",135 min,5.8,48,2017-12-01,9.024,16537,Fumihiko Sori,"Ryôsuke Yamada,Tsubasa Honda,Dean Fujioka,Ryûta Satô",Two alchemist brothers go on a quest for the Philosopher's Stone after an attempt to revive their dead mother goes horribly wrong.
6 Days,"Action, Drama, History",94 min,6.2,36,2017-08-03,9.984,13342,Toa Fraser,"Jamie Bell,Mark Strong,Abbie Cornish,Martin Shaw","In April 1980, armed gunmen stormed the Iranian Embassy in Princes Gate, London and took all inside hostage. Over the next six days a tense standoff took place, all the while a group of ...                See full summary »"
All Eyez on Me,"Biography, Drama, Music",139 min,5.8,38,2017-06-12,8.992,17796,Benny Boom,"Demetrius Shipp Jr.,Danai Gurira,Kat Graham,Annie Ilonzeh","Tells the true and untold story of prolific rapper, actor, poet and activist Tupac Shakur."
Guardians,"Action, Sci-Fi",89 min,4.0,0,2017-02-14,8.831,9458,Sarik Andreasyan,"Anton Pampushnyy,Sanjar Madi,Sebastien Sisak,Alina Lanina","During the Cold War, an organization called ""Patriot"" created a super-hero squad, which includes members of multiple Soviet republics. For years, the heroes had to hide their identities, but in hard times they must show themselves again."
Sweet Virginia,"Drama, Thriller",93 min,6.2,72,2017-11-17,8.494,5551,Jamie M. Dagg,"Jon Bernthal,Christopher Abbott,Imogen Poots,Rosemarie DeWitt",A former rodeo champ befriends a young man with a propensity for violence.
Our Souls at Night,"Drama, Romance",103 min,6.9,69,2017-09-01,7.136,7945,Ritesh Batra,"Jane Fonda,Robert Redford,Judy Greer,Matthias Schoenaerts","Fonda and Redford will star as Addie Moore and Louis Waters, a widow and widower who've lived next to each other for years. The pair have almost no relationship, but that all changes when Addie tries to make a connection with her neighbor."
The Wall,"Drama, Thriller, War",88 min,6.2,57,2017-05-12,8.85,19437,Doug Liman,"Aaron Taylor-Johnson,John Cena,Laith Nakli","Two American Soldiers are trapped by a lethal sniper, with only an unsteady wall between them."
Snatched,"Action, Adventure, Comedy",90 min,4.5,45,2017-05-03,9.043,28881,Jonathan Levine,"Amy Schumer,Goldie Hawn,Kim Caramele,Raven Goodwin","When her boyfriend dumps her before their exotic vacation, a young woman persuades her ultra-cautious mother to travel with her to paradise, with unexpected results."
First They Killed My Father,"Biography, Drama, History",136 min,7.2,72,2017-02-18,7.715,9672,Angelina Jolie,"Sareum Srey Moch,Phoeung Kompheak,Sveng Socheata,Mun Kimhak",Cambodian author and human rights activist Loung Ung recounts the horrors she suffered as a child under the rule of the deadly Khmer Rouge.
The Ottoman Lieutenant,"Drama, War",106 min,6.7,26,2017-03-10,8.526,21993,Joseph Ruben,"Michiel Huisman,Hera Hilmar,Josh Hartnett,Ben Kingsley",This movie is a love story between an idealistic American nurse and a Turkish officer in World War I.
Madame,"Comedy, Drama, Romance",91 min,6.1,45,2017-08-17,9.138,4185,Amanda Sthers,"Toni Collette,Harvey Keitel,Rossy de Palma,Michael Smiley","Adding a little spice to a waning marriage, Anne and Bob, a wealthy and well-connected American couple, move into a manor house in romantic Paris. While preparing a particularly luxurious ...                See full summary »"
Film Stars Don't Die in Liverpool,"Biography, Drama, Romance",105 min,6.7,65,2017-11-17,8.076,5985,Paul McGuigan,"Annette Bening,Jamie Bell,Kenneth Cranham,Julie Walters",A romance sparks between a young actor and a Hollywood leading lady.
Megan Leavey,"Biography, Drama, War",116 min,7.1,66,2017-06-09,8.657,18141,Gabriela Cowperthwaite,"Kate Mara,Ramon Rodriguez,Tom Felton,Bradley Whitford",Based on the true life story of a young Marine corporal whose unique discipline and bond with her military combat dog saved many lives during their deployment in Iraq.
My Little Pony: The Movie,"Animation, Action, Adventure",99 min,6.1,39,2017-10-05,11.912,4941,Jayson Thiessen,"Emily Blunt,Kristin Chenoweth,Liev Schreiber,Michael Peña","After a dark force conquers Canterlot, the Mane 6 embark on an unforgettable journey beyond Equestria where they meet new friends and exciting challenges on a quest to use the magic of friendship to save their homeland."
The Humanity Bureau,"Adventure, Sci-Fi, Thriller",95 min,5.0,0,2017-07-11,7.024,7029,Rob W. King,"Nicolas Cage,Sarah Lind,Jakob Davies,Hugh Dillon",A dystopian thriller set in the year 2030 that sees the world in a permanent state of economic recession and facing serious environmental problems as a result of global warming.
Cult of Chucky,"Horror, Thriller",91 min,5.2,69,2017-09-23,11.778,16061,Don Mancini,"Allison Dawn Doiron,Alex Vincent,Brad Dourif,Fiona Dourif","Chucky returns to terrorize his human victim, Nica. Meanwhile, the killer doll has some scores to settle with his old enemies, with the help of his former wife."
Same Kind of Different as Me,"Biography, Drama",119 min,6.5,47,2017-10-20,10.95,3745,Michael Carney,"Greg Kinnear,Renée Zellweger,Djimon Hounsou,Jon Voight","International art dealer Ron Hall must befriend a dangerous homeless man in order to save his struggling marriage to his wife, a woman whose dreams will lead all three of them on the journey of their lives."
Stratton,"Action, Thriller",95 min,4.8,26,2017-07-06,8.674,3217,Simon West,"Dominic Cooper,Austin Stowell,Gemma Chan,Connie Nielsen",A British Special Boat Service commando tracks down an international terrorist cell.
Wish Upon,"Fantasy, Horror, Thriller",90 min,5.0,32,2017-07-07,8.795,14011,John R. Leonetti,"Joey King,Ryan Phillippe,Ki Hong Lee,Mitchell Slaggert",A teenage girl discovers a box that carries magic powers and a deadly price for using them.
Ayla: The Daughter of War,"Drama, History, War",125 min,8.8,0,2017-10-27,9.523,24678,Can Ulkay,"Çetin Tekindor,Ismail Hacioglu,Kyung-jin Lee,Kim Seol","In 1950, amid-st the ravages of the Korean War, Sergeant Süleyman stumbles upon a a half-frozen little girl, with no parents and no help in sight. Frantic, scared and on the verge of death,...                See full summary »"
OtherLife,"Crime, Mystery, Sci-Fi",96 min,6.3,0,2017-06-16,8.969,10073,Ben C. Lucas,"Jessica De Gouw,Thomas Cocquerel,Shalom Brune-Franklin,T.J. Power","After inventing a drug that induces time-compressed virtual realities, young Ren grapples with partner Sam over how to use their powerful creation."
Captain Underpants: The First Epic Movie,"Animation, Action, Comedy",89 min,6.2,69,2017-06-01,12.613,21067,David Soren,"Kevin Hart,Thomas Middleditch,Ed Helms,Nick Kroll","2 overly imaginative pranksters named George and Harold hypnotize their principal into thinking he's a ridiculously enthusiastic, incredibly dimwitted superhero named Captain Underpants."
Vengeance: A Love Story,"Crime, Drama, Thriller",99 min,5.2,0,2017-03-16,9.578,5277,Johnny Martin,"Nicolas Cage,Anna Hutchison,Talitha Eliana Bateman,Deborah Kara Unger",A gulf war veteran seeks vengeance against those who assaulted a single mother.
Mary and the Witch's Flower,"Animation, Adventure, Family",103 min,6.8,75,2017-07-08,9.84,7293,"Hiromasa Yonebayashi,Giles New","Hana Sugisaki,Ryûnosuke Kamiki,Yûki Amami,Fumiyo Kohinata","Based on ""The Little Broomstick"" by Mary Stewart, a strange flower grants a girl magic powers."
Sandy Wexler,"Biography, Comedy",130 min,5.1,40,2017-04-14,7.407,11421,Steven Brill,"Adam Sandler,Jennifer Hudson,Kevin James,Colin Quinn","Sandy Wexler (Adam Sandler) is a talent manager working in Los Angeles in the 1990s, diligently representing a group of eccentric clients on the fringes of show business. His single-minded ...                See full summary »"
The Lodgers,"Drama, Horror, Romance",92 min,5.1,52,2017-10-05,7.487,5935,Brian O'Malley,"Charlotte Vega,Bill Milner,Eugene Simon,David Bradley","1920, rural Ireland. Anglo Irish twins Rachel and Edward share a strange existence in their crumbling family estate. Each night, the property becomes the domain of a sinister presence (The ...                See full summary »"
Goon: Last of the Enforcers,"Comedy, Sport",101 min,5.8,48,2017-03-17,6.964,9671,Jay Baruchel,"Seann William Scott,Alison Pill,Marc-André Grondin,Liev Schreiber",A hockey player plagued by injuries is confronted with the possibility of retirement when a tough new player challenges his status as the league's top enforcer.
24 Hours to Live,"Action, Sci-Fi, Thriller",93 min,5.7,37,2017-10-26,8.614,9356,Brian Smrz,"Ethan Hawke,Qing Xu,Paul Anderson,Rutger Hauer",An assassin seeks redemption after being given a second chance at life.
Double Lover,"Drama, Romance, Thriller",107 min,6.2,70,2017-05-26,8.293,7592,François Ozon,"Marine Vacth,Jérémie Renier,Jacqueline Bisset,Myriam Boyer","Chloé, a fragile young woman, falls in love with her psychoanalyst, Paul. A few months later she moves in with him, but soon discovers that her lover is concealing a part of his identity."
How to Be a Latin Lover,"Comedy, Drama",115 min,5.9,54,2017-04-28,8.784,11150,Ken Marino,"Eugenio Derbez,Salma Hayek,Raphael Alejandro,Rob Lowe","Finding himself dumped after 25 years of marriage, a man who made a career of seducing rich older women must move in with his estranged sister, where he begins to learn the value of family."
Wonderstruck,"Drama, Mystery",116 min,6.2,71,2017-10-13,9.323,7765,Todd Haynes,"Oakes Fegley,Julianne Moore,Michelle Williams,Millicent Simmonds","Tells the tale of two children separated by fifty years. In 1927, Rose searches for the actress whose life she chronicles in her scrapbook; in 1977, Ben runs away from home to find his father."
Overdrive,"Action, Thriller",93 min,5.4,0,2017-06-29,8.741,9738,Antonio Negret,"Scott Eastwood,Freddie Thorp,Ana de Armas,Gaia Weiss","Two car thief brothers, who journey to the south of France for new opportunities, wind up in the cross hairs of the local crime boss."
A Fantastic Woman,Drama,104 min,7.2,86,2017-04-06,11.531,17026,Sebastián Lelio,"Daniela Vega,Francisco Reyes,Luis Gnecco,Aline Küppenheim","Marina, a transgender woman who works as a waitress and moonlights as a nightclub singer, is bowled over by the death of her older boyfriend."
The Pirates of Somalia,"Biography, Drama",116 min,6.8,54,2017-12-08,7.116,6473,Bryan Buckley,"Evan Peters,Al Pacino,Melanie Griffith,Barkhad Abdi","In 2008, rookie journalist Jay Bahadur forms a half-baked plan to embed himself among the pirates of Somalia. He ultimately succeeds in providing the first close-up look into who these men ...                See full summary »"
The Star,"Animation, Adventure, Comedy",86 min,6.1,42,2017-11-15,9.769,4893,Timothy Reckart,"Steven Yeun,Keegan-Michael Key,Aidy Bryant,Gina Rodriguez",A small but brave donkey and his animal friends become the unsung heroes of the first Christmas.
Attraction,"Romance, Sci-Fi",117 min,5.5,0,2017-01-26,10.016,7069,Fedor Bondarchuk,"Irina Starshenbaum,Alexander Petrov,Rinal Mukhametov,Oleg Menshikov","After an alien ship crash lands onto a Russian city, many who saw it and the occupants start to question their own existence while there are those who demand the aliens leave Earth."
The Vault,"Crime, Horror, Mystery",91 min,4.8,50,2017-09-01,7.411,9851,Dan Bush,"James Franco,Scott Haze,Taryn Manning,Francesca Eastwood",Two estranged sisters are forced to rob a bank in order to save their brother. But this is no ordinary bank.
November Criminals,"Crime, Drama, Mystery",107 min,5.3,31,2017-12-08,9.611,6356,Sacha Gervasi,"Ansel Elgort,Chloë Grace Moretz,David Strathairn,Catherine Keener","After his friend is murdered, a Washington, D.C. teenager undertakes his own investigation of the crime."
Patti Cake$,"Drama, Music",109 min,6.7,67,2017-08-18,7.629,8249,Geremy Jasper,"Sahr Ngaujah,Danielle Macdonald,Bridget Everett,Mamoudou Athie","PATTI CAKE$ is centered on aspiring rapper Patricia Dombrowski, a.k.a. Killa P, a.k.a. Patti Cake$, who is fighting an unlikely quest for glory in her downtrodden hometown in New Jersey."
Bullet Head,"Crime, Drama, Thriller",93 min,5.3,51,2017-12-07,12.121,5906,Paul Solet,"Adrien Brody,Antonio Banderas,John Malkovich,Rory Culkin",Three career criminals find themselves trapped in a warehouse with the law closing in and an even worse threat waiting inside - a nigh unstoppable killer dog.
Amityville: The Awakening,"Horror, Thriller",85 min,4.9,42,2017-07-20,9.173,10397,Franck Khalfoun,"Jennifer Jason Leigh,Bella Thorne,Mckenna Grace,Cameron Monaghan","A desperate single mother moves with her three children into the notorious, supposedly haunted, real-life Amityville house to try and use its dark powers to cure her comatose son. Things go horribly wrong."
Diary of a Wimpy Kid: The Long Haul,"Comedy, Family",91 min,4.4,39,2017-05-19,8.591,5265,David Bowers,"Jason Drucker,Alicia Silverstone,Tom Everett Scott,Charlie Wright",A Heffley family road trip to attend Meemaw's 90th birthday party goes hilariously off course thanks to Greg's newest scheme to get to a video gaming convention.
6 Below: Miracle on the Mountain,"Adventure, Biography, Drama",98 min,5.7,40,2017-10-12,9.651,4479,Scott Waugh,"Josh Hartnett,Mira Sorvino,Sarah Dumont,Kale Culley","An adrenaline seeking snowboarder gets lost in a massive winter storm in the back country of the High Sierras where he is pushed to the limits of human endurance and forced to battle his own personal demons as he fights for survival...."""
Just Getting Started,"Action, Comedy",91 min,4.3,21,2017-12-01,7.361,4367,Ron Shelton,"Morgan Freeman,Tommy Lee Jones,Rene Russo,Joe Pantoliano","A two-hander action comedy in the vein of Midnight Run (1988), about an ex-F.B.I. Agent (Tommy Lee Jones) and an ex-mob lawyer in the Witness Protection Program (Morgan Freeman) having to put aside their petty rivalry on the golf course to fend off a mob hit."
The Breadwinner,"Animation, Drama, Family",94 min,7.7,78,2017-11-17,7.306,12616,Nora Twomey,"Saara Chaudry,Soma Chhaya,Noorin Gulamgaus,Laara Sadiq","In 2001, Afghanistan is under the control of the Taliban. When her father is captured, a determined young girl disguises herself as a boy in order to provide for her family."
Godzilla: Planet of the Monsters,"Animation, Action, Sci-Fi",89 min,6.0,0,2017-11-17,7.85,5663,"Hiroyuki Seshita,Kôbun Shizuno","Mamoru Miyano,Takahiro Sakurai,Kana Hanazawa,Tomokazu Sugita","Years into the future and the human race has been defeated several times by the new ruling force of the planet: ""kaijus"". And the ruler of that force is Godzilla, The King of the Monsters. ...                See full summary »"
Creep 2,"Horror, Thriller",78 min,6.4,75,2017-10-06,7.866,11849,Patrick Brice,"Karan Soni,Mark Duplass,Desiree Akhavan,Kyle Field","A video artist looking for work drives to a remote house in the forest to meet a man claiming to be a serial killer. But after agreeing to spend the day with him, she soon realizes that she made a deadly mistake."
iBoy,"Action, Crime, Sci-Fi",90 min,6.0,50,2017-01-27,7.931,15702,Adam Randall,"Bill Milner,Maisie Williams,Miranda Richardson,Rory Kinnear","After being shot, Tom wakes from a coma to discover that fragments of his smart phone have been embedded in his head, and worse, that returning to normal teenage life is impossible because he has developed a strange set of superpowers."
Starship Troopers: Traitor of Mars,"Animation, Action, Sci-Fi",88 min,5.5,0,2017-08-21,8.891,4092,"Shinji Aramaki,Masaru Matsumoto","Casper Van Dien,Dina Meyer,DeRay Davis,Justin Doran","Federation trooper Johnny Rico is ordered to work with a group of new recruits on a satellite station on Mars, where giant bugs have decided to target their next attack."
Black Butterfly,Thriller,93 min,6.1,43,2017-05-26,8.007,9977,Brian Goodman,"Antonio Banderas,Jonathan Rhys Meyers,Piper Perabo,Vincent Riotta","Outside a mountain town grappling with a series of abductions and murders, Paul (Antonio Banderas), a reclusive writer, struggles to start what he hopes will be a career-saving screenplay. ...                See full summary »"
Resident Evil: Vendetta,"Animation, Action, Adventure",97 min,6.3,0,2017-05-27,11.222,8355,Takanori Tsujimoto,"Kevin Dorman,Matthew Mercer,Erin Cahill,John DeMita","Chris Redfield enlists the help of Leon S. Kennedy and Rebecca Chambers to stop a death merchant, with a vengeance, from spreading a deadly virus in New York."
Mayhem,"Action, Comedy, Horror",86 min,6.3,62,2017-03-13,7.976,11174,Joe Lynch,"Steven Yeun,Samara Weaving,Steven Brand,Caroline Chikezie",A virus spreads through an office complex causing white collar workers to act out their worst impulses.
Gnome Alone,"Animation, Action, Comedy",85 min,5.6,0,2017-11-02,9.703,1505,Peter Lepeniotis,"Becky G,Josh Peck,Tara Strong,Olivia Holt","When Chloe discovers that her new home's garden gnomes are not what they seem, she must decide between the pursuit of a desired high school life and taking up the fight against the Troggs."
The Man Who Invented Christmas,"Biography, Comedy, Drama",104 min,7.0,60,2017-11-22,9.821,8873,Bharat Nalluri,"Dan Stevens,Mark Schrier,Patrick Joseph Byrnes,Miriam Margolyes","The journey that led to Charles Dickens' creation of ""A Christmas Carol,"" a timeless tale that would redefine Christmas."
Churchill,"Biography, Drama, History",105 min,6.3,44,2017-05-25,7.636,11628,Jonathan Teplitzky,"Brian Cox,Miranda Richardson,John Slattery,Julian Wadham","96 hours before the World War II invasion of Normandy, British Prime Minister Winston Churchill struggles with his severe reservations with Operation Overlord and his increasingly marginalized role in the war effort."
Kung Fu Yoga,"Action, Adventure, Comedy",107 min,5.2,50,2017-01-27,7.559,7156,Stanley Tong,"Jackie Chan,Disha Patani,Amyra Dastur,Aarif Rahman","Two professors team up to locate a lost treasure and embark on an adventure that takes them from a Tibetan ice cave to Dubai, and to a mountain temple in India."
The Hunter's Prayer,"Action, Crime, Drama",91 min,5.5,35,2017-06-08,9.241,5975,Jonathan Mostow,"Sam Worthington,Odeya Rush,Allen Leech,Amy Landecker",An assassin helps a young woman avenge the death of her family.
Security,"Action, Crime, Thriller",88 min,5.7,0,2017-03-04,9.866,12659,Alain Desrochers,"Antonio Banderas,Ben Kingsley,Liam McIntyre,Cung Le",A security guard protects an eleven year-old girl who is being targeted by a gang for participating as a trial witness.
Knock,Comedy,113 min,6.0,0,2017-10-18,7.594,1752,Lorraine Lévy,"Omar Sy,Alex Lutz,Ana Girardot,Sabine Azéma",Doctor Knock is a former thug who has become a doctor and arrives in the small village of Saint-Maurice to make his fortune according to a particular method. It will make the villagers ...                See full summary »
The Bachelors,"Comedy, Drama",99 min,6.8,54,2017-10-20,7.816,2511,Kurt Voelker,"Odeya Rush,J.K. Simmons,Kitana Turnbull,Harold Perrineau","After the early death of his wife, a mourning father moves with his teenage son across the country for a private school teaching job. Their lives begin to transform due to two unique women, who help them embrace life and love again."
Bushwick,"Action, Adventure",94 min,5.2,44,2017-07-30,8.056,7042,"Jonathan Milott,Cary Murnion","Dave Bautista,Brittany Snow,Angelic Zambrana,Jeremie Harris","When a Texas military force invades their Brooklyn neighborhood, 20-year-old Lucy and war veteran Stupe must depend on each other to survive."
Batman and Harley Quinn,"Animation, Action, Adventure",74 min,5.9,0,2017-08-14,9.105,8600,Sam Liu,"Kevin Conroy,Melissa Rauch,Paget Brewster,Loren Lester","Batman and Nightwing are forced to team with the Joker's sometimes-girlfriend Harley Quinn to stop a global threat brought about by Poison Ivy and Jason Woodrue, the Floronic Man."
9/11,"Action, Drama",90 min,4.1,20,2017-09-07,7.697,2451,Martin Guigui,"Charlie Sheen,Gina Gershon,Whoopi Goldberg,Luis Guzmán","A group of five people find themselves trapped in an elevator in the World Trade Center's North Tower on 9/11. They work together, never giving up hope, to try to escape before the unthinkable happens."
The Dinner,"Crime, Drama, Thriller",120 min,4.5,57,2017-05-05,6.962,6242,Oren Moverman,"Michael Chernus,Taylor Rae Almonte,Steve Coogan,Charlie Plummer",Two sets of wealthy parents meet for dinner to decide what to do about a crime their sons have committed.
Arsenal,"Action, Crime, Drama",97 min,4.0,25,2017-01-06,7.117,3321,Steven C. Miller,"Nicolas Cage,John Cusack,Adrian Grenier,Johnathon Schaech",A Southern mobster attempts to rescue his kidnapped brother.
Tragedy Girls,"Comedy, Crime, Horror",98 min,6.0,58,2017-10-20,7.702,6428,Tyler MacIntyre,"Brianna Hildebrand,Alexandra Shipp,Jack Quaid,Kevin Durand","A twist on the slasher genre, following two death-obsessed teenage girls who use their online show about real-life tragedies to send their small mid-western town into a frenzy, and cement their legacy as modern horror legends."
Kodachrome,Drama,105 min,6.8,57,2017-09-08,9.356,7733,Mark Raso,"Ed Harris,Jason Sudeikis,Elizabeth Olsen,Bruce Greenwood","Set during the final days of the admired photo development system known as Kodachrome, a father and son hit the road in order to reach the Kansas photo lab before it closes its doors for good."
A Christmas Prince,"Comedy, Romance",92 min,5.7,0,2017-11-17,8.824,11504,Alex Zamm,"Rose McIver,Ben Lamb,Alice Krige,Honor Kneafsey","When a reporter goes undercover as a tutor to get the inside scoop on a playboy prince, she gets tangled in some royal intrigue and ends up finding love - but will she be able to keep up her lie?"
Muse,"Horror, Sci-Fi, Thriller",107 min,5.4,0,2017-11-29,8.341,2346,Jaume Balagueró,"Elliot Cowan,Franka Potente,Ana Ularu,Leonor Watling",A grieving English literature professor who is suffering from a horrible recurring nightmare will soon find himself immersed in a macabre world of myth and superstition governed by a coven of seven malevolent women.
Woody Woodpecker,"Animation, Comedy, Family",91 min,4.2,0,2017-10-05,7.984,2414,Alex Zamm,"Eric Bauza,Timothy Omundson,Graham Verchere,Jordana Largy",The hyperactive red-headed bird enters a turf war with a big city lawyer wanting to tear down his home in an effort to build a house to flip.
The Case for Christ,"Biography, Drama",112 min,6.2,50,2017-04-07,7.242,6102,Jon Gunn,"Erika Christensen,Faye Dunaway,Frankie Faison,Robert Forster",An investigative journalist and self-proclaimed atheist sets out to disprove the existence of God after his wife becomes a Christian.
Beatriz at Dinner,"Comedy, Drama",82 min,6.1,68,2017-06-09,7.539,7685,Miguel Arteta,"Salma Hayek,John Lithgow,Connie Britton,Jay Duplass",A holistic medicine practitioner attends a wealthy client's dinner party after her car breaks down.
Wheelman,"Action, Crime, Mystery",82 min,6.4,66,2017-10-20,7.435,13320,Jeremy Rush,"Frank Grillo,Caitlin Carmichael,Garret Dillahunt,Shea Whigham",A getaway driver for a bank robbery realizes he has been double crossed and races to find out who betrayed him.
S.M.A.R.T. Chase,"Action, Adventure, Crime",95 min,4.2,0,2017-09-30,7.692,1246,Charles Martin,"Orlando Bloom,Lei Wu,Simon Yam,Hannah Quinlivan",A washed-up private security agent has to escort a valuable Chinese antique out of Shanghai but is ambushed en route.
Viceroy's House,"Biography, Drama, History",106 min,6.7,53,2017-03-03,8.065,5156,Gurinder Chadha,"Hugh Bonneville,Gillian Anderson,Manish Dayal,Huma Qureshi","The final Viceroy of India, Lord Mountbatten, is tasked with overseeing the transition of British India to independence, but meets with conflict as different sides clash in the face of monumental change."
The Recall,"Action, Sci-Fi, Thriller",90 min,4.4,0,2017-06-02,8.51,5937,Mauro Borrelli,"Wesley Snipes,RJ Mitte,Jedidiah Goodacre,Laura Bilgeri","When five friends vacation at a remote lake house they expect nothing less than a good time, unaware that planet Earth is under an alien invasion and mass-abduction."
The Polka King,"Biography, Comedy, Drama",95 min,5.9,65,2017-01-22,9.254,6664,Maya Forbes,"Jack Black,Jenny Slate,Jason Schwartzman,Jacki Weaver",Local Pennsylvania polka legend Jan Lewan develops a plan to get rich that shocks his fans and lands him in jail.
The Outcasts,Comedy,95 min,5.5,47,2017-04-14,7.487,2863,Peter Hutchings,"Victoria Justice,Eden Sher,Ashley Rickards,Avan Jogia","After falling victim to a humiliating prank by the high school Queen Bee, best friends and world-class geeks, Mindy and Jodi, decide to get their revenge by uniting the outcasts of the school against her and her circle of friends."
Keep Watching,"Horror, Thriller",89 min,4.4,0,2017-05-04,8.257,3187,Sean Carter,"Bella Thorne,Chandler Riggs,Ioan Gruffudd,Natalie Martinez","A family become imprisoned in their home by intruders, who force them to play a life-and-death game, where the mysterious rules become clear as the night unfolds."
Baahubali 2: The Conclusion,"Action, Drama, Fantasy",167 min,8.3,0,2017-04-27,9.237,63300,S.S. Rajamouli,"Prabhas,Rana Daggubati,Anushka Shetty,Tamannaah Bhatia","When Shiva, the son of Bahubali, learns about his heritage, he begins to look for answers. His story is juxtaposed with past events that unfolded in the Mahishmati Kingdom."
Revolt,"Action, Sci-Fi, War",87 min,5.2,0,2017-07-01,9.311,6325,Joe Miale,"Lee Pace,Bérénice Marlohe,Jason Flemyng,Sibulele Gcilitshana","An amnesiac US soldier's in a cell next to a cute, French doctor. Earth is under attack by big, alien robots. Kenyan soldiers come to rape, torture and kill but the 2 fight back. They find a car and head west."
The Crucifixion,"Horror, Mystery, Thriller",90 min,5.0,0,2017-04-27,8.214,4864,Xavier Gens,"Sophie Cookson,Corneliu Ulici,Ada Lupu,Brittany Ashworth",When Nicole comes in contact with Father Anton (Corneliu Ulici) more and more inexplicable events occur. The pair begin to believe that the priest lost the battle with a demon.
